<?xml version="1.0" encoding="UTF-8" standalone="yes"?>
<manifest>
  <control namespace="pepl" constructor="ExtendedDatePicker" version="0.0.1" display-name-key="Extended Date Picker" description-key="Extended Date Picker description" control-type="standard" api-version="1.1.0">
    <property name="inputDate" display-name-key="Date" description-key="Date field that shows the Office Fabric UI Date Picker with some more configuration." of-type="DateAndTime.DateOnly" usage="bound" required="true"/>
    <property name="readOnly" display-name-key="Read-Only" description-key="Make Date field ready only" of-type="Enum" usage="input" required="true">
      <value name="Yes" display-name-key="Yes" description-key="Make Date Picker read only.">0</value>
      <value name="No" display-name-key="No" description-key="Do not Make Date Picker read only">1</value>
    </property>
    <property name="Allowpastdate" display-name-key="Allow Past Date" description-key="Allow Selection of Past Date" of-type="Enum" usage="input" required="true">
      <value name="Yes" display-name-key="Yes" description-key="Allow selection of past date.">0</value>
      <value name="No" display-name-key="No" description-key="Do not allow selection of past date.">1</value>
    </property>
    <resources>
      <code path="bundle.js" order="1"/>
    </resources>
    <built-by name="pac" version="1.5.3"/>
  </control>
</manifest>